model,eval,strength,scorer,score,metric,group,n,value,stderr,stderr_source,ci95_low,ci95_high
qwen35-27b,agentdojo_benign,-2.0,user_task_scorer,utility,accuracy,,96,0.729167,0.036712,recorded,0.657212,0.801121
qwen35-27b,agentdojo_benign,-1.0,user_task_scorer,utility,accuracy,,96,0.767361,0.035637,recorded,0.697514,0.837208
qwen35-27b,agentdojo_benign,0.0,user_task_scorer,utility,accuracy,,96,0.788194,0.035637,recorded,0.718348,0.858041
qwen35-27b,agentdojo_benign,1.0,user_task_scorer,utility,accuracy,,96,0.805556,0.03299,recorded,0.740895,0.870216
qwen35-27b,agentdojo_benign,2.0,user_task_scorer,utility,accuracy,,96,0.784722,0.035245,recorded,0.715644,0.8538
qwen35-27b,agentdojo_injected,-2.0,injection_task_scorer,security,accuracy,,944,0.356638,0.014014,recorded,0.329172,0.384105
qwen35-27b,agentdojo_injected,-2.0,injection_task_scorer,utility,accuracy,,944,0.548376,0.013972,recorded,0.52099,0.575761
qwen35-27b,agentdojo_injected,-1.0,injection_task_scorer,security,accuracy,,944,0.347105,0.013987,recorded,0.31969,0.374519
qwen35-27b,agentdojo_injected,-1.0,injection_task_scorer,utility,accuracy,,944,0.574506,0.013814,recorded,0.547431,0.60158
qwen35-27b,agentdojo_injected,0.0,injection_task_scorer,security,accuracy,,944,0.328037,0.013705,recorded,0.301176,0.354898
qwen35-27b,agentdojo_injected,0.0,injection_task_scorer,utility,accuracy,,944,0.566384,0.013622,recorded,0.539686,0.593082
qwen35-27b,agentdojo_injected,1.0,injection_task_scorer,security,accuracy,,944,0.330155,0.013814,recorded,0.30308,0.357231
qwen35-27b,agentdojo_injected,1.0,injection_task_scorer,utility,accuracy,,944,0.591455,0.013364,recorded,0.565261,0.617648
qwen35-27b,agentdojo_injected,2.0,injection_task_scorer,security,accuracy,,944,0.310734,0.013581,recorded,0.284117,0.337352
qwen35-27b,agentdojo_injected,2.0,injection_task_scorer,utility,accuracy,,944,0.617938,0.013462,recorded,0.591554,0.644322
qwen35-9b,agentdojo_benign,-2.0,user_task_scorer,utility,accuracy,,96,0.604167,0.037694,recorded,0.530287,0.678046
qwen35-9b,agentdojo_benign,-1.0,user_task_scorer,utility,accuracy,,96,0.663194,0.037429,recorded,0.589835,0.736554
qwen35-9b,agentdojo_benign,0.0,user_task_scorer,utility,accuracy,,96,0.649306,0.03867,recorded,0.573514,0.725097
qwen35-9b,agentdojo_benign,1.0,user_task_scorer,utility,accuracy,,96,0.704861,0.037551,recorded,0.631262,0.77846
qwen35-9b,agentdojo_benign,2.0,user_task_scorer,utility,accuracy,,96,0.673611,0.037261,recorded,0.600581,0.746641
qwen35-9b,agentdojo_injected,-2.0,injection_task_scorer,security,accuracy,,944,0.212218,0.011085,recorded,0.190492,0.233943
qwen35-9b,agentdojo_injected,-2.0,injection_task_scorer,utility,accuracy,,944,0.565678,0.013254,recorded,0.539701,0.591655
qwen35-9b,agentdojo_injected,-1.0,injection_task_scorer,security,accuracy,,944,0.189619,0.010631,recorded,0.168782,0.210456
qwen35-9b,agentdojo_injected,-1.0,injection_task_scorer,utility,accuracy,,944,0.600636,0.0132,recorded,0.574764,0.626507
qwen35-9b,agentdojo_injected,0.0,injection_task_scorer,security,accuracy,,944,0.140537,0.009349,recorded,0.122214,0.15886
qwen35-9b,agentdojo_injected,0.0,injection_task_scorer,utility,accuracy,,944,0.566384,0.012906,recorded,0.541088,0.59168
qwen35-9b,agentdojo_injected,1.0,injection_task_scorer,security,accuracy,,944,0.129944,0.009094,recorded,0.11212,0.147767
qwen35-9b,agentdojo_injected,1.0,injection_task_scorer,utility,accuracy,,944,0.609463,0.013154,recorded,0.583682,0.635244
qwen35-9b,agentdojo_injected,2.0,injection_task_scorer,security,accuracy,,944,0.115819,0.008331,recorded,0.099491,0.132147
qwen35-9b,agentdojo_injected,2.0,injection_task_scorer,utility,accuracy,,944,0.606285,0.012962,recorded,0.580881,0.63169
