vector_run,family,size,model,span,language,hoyer,rpo,run_id,steering_target,condition,elo,elo_ci_low,elo_ci_high,trust_ruler,mean_trust_score,trust_score_ci_low,trust_score_ci_high,score_sd,n_responses,n_attempted,n_coherent,n_incoherent,incoherent_score,wins_vs_baseline,games_vs_baseline,artifact_status,judge_failures,solo_failures,calibration_accuracy,position_bias_a_share,judged_by
20260922-011627_Llama-3.1-8B-Instruct_benevolence_Lall_assistant_rpo0.2,Llama,8B,Llama-3.1-8B-Instruct,assistant,english,0,0.2,20260922-011627,generated_assistant,steer-2,1382.5847300092316,1351.9500925781751,1410.8770170152588,-0.12915301250075878,79.525,75.45,84.025,36.69842469371131,400,400,378,22,49.09090909090909,248,736,complete_with_parse_gaps,1,0,0.8384615384615385,0.6456261416683581,rubric-20260922-v2 campaign
20260922-011627_Llama-3.1-8B-Instruct_benevolence_Lall_assistant_rpo0.2,Llama,8B,Llama-3.1-8B-Instruct,assistant,english,0,0.2,20260922-011627,generated_assistant,steer-1,1433.4546339352669,1402.917541554833,1463.4372516272786,0.0565051249456548,84.675,80.5875,88.7,33.249351497435256,400,400,388,12,50.0,308,760,complete_with_parse_gaps,1,0,0.8384615384615385,0.6456261416683581,rubric-20260922-v2 campaign
20260922-011627_Llama-3.1-8B-Instruct_benevolence_Lall_assistant_rpo0.2,Llama,8B,Llama-3.1-8B-Instruct,assistant,english,0,0.2,20260922-011627,generated_assistant,baseline,1500.0,1500.0,1500.0,0.2993734570194056,87.8375,84.6,91.7625,30.83035993545972,400,400,388,12,50.0,,,complete_with_parse_gaps,1,0,0.8384615384615385,0.6456261416683581,rubric-20260922-v2 campaign
20260922-011627_Llama-3.1-8B-Instruct_benevolence_Lall_assistant_rpo0.2,Llama,8B,Llama-3.1-8B-Instruct,assistant,english,0,0.2,20260922-011627,generated_assistant,steer+1,1566.7250538237563,1541.064936765748,1591.3490436678876,0.5428975893225153,89.6125,86.35,93.1125,28.52257603636109,400,400,388,12,56.25,451,758,complete_with_parse_gaps,1,0,0.8384615384615385,0.6456261416683581,rubric-20260922-v2 campaign
20260922-011627_Llama-3.1-8B-Instruct_benevolence_Lall_assistant_rpo0.2,Llama,8B,Llama-3.1-8B-Instruct,assistant,english,0,0.2,20260922-011627,generated_assistant,steer+2,1648.0728120951837,1614.7327533711332,1682.7879832044252,0.8397897027433281,90.5,87.025,93.9625,27.597554239461147,400,400,385,15,53.333333333333336,526,750,complete_with_parse_gaps,1,0,0.8384615384615385,0.6456261416683581,rubric-20260922-v2 campaign
20260922-004926_Llama-3.1-8B-Instruct_benevolence_Lall_user_rpo0.2,Llama,8B,Llama-3.1-8B-Instruct,user,english,0,0.2,20260922-004926,latest_user,steer-2,1373.7997962684797,1340.4079058144994,1402.0955144776613,-0.1792000273705401,78.5125,74.6375,83.2375,37.72565233034414,400,400,383,17,42.64705882352941,243,746,published,0,0,0.8484848484848485,0.6424818108326596,rubric-20260922-v2 campaign
20260922-004926_Llama-3.1-8B-Instruct_benevolence_Lall_user_rpo0.2,Llama,8B,Llama-3.1-8B-Instruct,user,english,0,0.2,20260922-004926,latest_user,steer-1,1433.8672125946655,1406.7528430947693,1459.427763533497,0.02609389628075175,82.575,79.0,87.125,35.13715092320378,400,400,386,14,25.0,306,754,published,0,0,0.8484848484848485,0.6424818108326596,rubric-20260922-v2 campaign
20260922-004926_Llama-3.1-8B-Instruct_benevolence_Lall_user_rpo0.2,Llama,8B,Llama-3.1-8B-Instruct,user,english,0,0.2,20260922-004926,latest_user,baseline,1500.0,1500.0,1500.0,0.2521175916351871,86.2,82.8625,89.7875,32.35444328063767,400,400,387,13,60.0,,,published,0,0,0.8484848484848485,0.6424818108326596,rubric-20260922-v2 campaign
20260922-004926_Llama-3.1-8B-Instruct_benevolence_Lall_user_rpo0.2,Llama,8B,Llama-3.1-8B-Instruct,user,english,0,0.2,20260922-004926,latest_user,steer+1,1580.5644717651835,1556.9691046801427,1604.3859010734827,0.5274648185868821,90.8875,87.1375,93.8875,26.57348008353441,400,400,388,12,58.75,463,754,published,0,0,0.8484848484848485,0.6424818108326596,rubric-20260922-v2 campaign
20260922-004926_Llama-3.1-8B-Instruct_benevolence_Lall_user_rpo0.2,Llama,8B,Llama-3.1-8B-Instruct,user,english,0,0.2,20260922-004926,latest_user,steer+2,1621.2732682301366,1592.7373660888575,1651.5958387404573,0.6665962989227326,91.1625,88.2125,94.0375,26.383443553675853,400,400,390,10,52.0,505,756,published,0,0,0.8484848484848485,0.6424818108326596,rubric-20260922-v2 campaign
20260922-100519_Meta-Llama-3.1-70B-Instruct_benevolence_Lall_assistant_rpo0.2,Llama,70B,Meta-Llama-3.1-70B-Instruct,assistant,english,0,0.2,20260922-100519,generated_assistant,steer-2,1315.485660989505,1277.335014777046,1341.5312855153875,-0.49445816383206226,77.4875,72.975,82.0375,38.916575437080795,400,400,382,18,60.27777777777778,195,760,complete,0,0,0.8179487179487179,0.657396449704142,job 120568
20260922-100519_Meta-Llama-3.1-70B-Instruct_benevolence_Lall_assistant_rpo0.2,Llama,70B,Meta-Llama-3.1-70B-Instruct,assistant,english,0,0.2,20260922-100519,generated_assistant,steer-1,1414.6923665271413,1386.4013374558422,1441.3187974461696,-0.11996379605195549,83.0125,78.1875,87.35,35.147721743379044,400,400,392,8,50.0,296,780,complete,0,0,0.8179487179487179,0.657396449704142,job 120568
20260922-100519_Meta-Llama-3.1-70B-Instruct_benevolence_Lall_assistant_rpo0.2,Llama,70B,Meta-Llama-3.1-70B-Instruct,assistant,english,0,0.2,20260922-100519,generated_assistant,baseline,1500.0,1500.0,1500.0,0.20206310818906284,88.975,85.875,92.625,28.51665083771234,400,400,398,2,50.0,,,complete,0,0,0.8179487179487179,0.657396449704142,job 120568
20260922-100519_Meta-Llama-3.1-70B-Instruct_benevolence_Lall_assistant_rpo0.2,Llama,70B,Meta-Llama-3.1-70B-Instruct,assistant,english,0,0.2,20260922-100519,generated_assistant,steer+1,1601.97132199723,1574.932224211601,1634.7213061261232,0.5869935980798596,91.35,88.4,94.1375,26.287877434285182,400,400,394,6,66.66666666666667,504,784,complete,0,0,0.8179487179487179,0.657396449704142,job 120568
20260922-100519_Meta-Llama-3.1-70B-Instruct_benevolence_Lall_assistant_rpo0.2,Llama,70B,Meta-Llama-3.1-70B-Instruct,assistant,english,0,0.2,20260922-100519,generated_assistant,steer+2,1724.0233419493825,1687.6259884063356,1762.4488334306404,1.0477265072169952,94.85,92.6875,96.7,19.153393955119284,400,400,394,6,99.16666666666667,615,784,complete,0,0,0.8179487179487179,0.657396449704142,job 120568
20260922-080717_Meta-Llama-3.1-70B-Instruct_benevolence_Lall_user_rpo0.2,Llama,70B,Meta-Llama-3.1-70B-Instruct,user,english,0,0.2,20260922-080717,latest_user,steer-2,1305.6958765398447,1272.2848471260127,1332.9475537744445,-0.6456320516527135,67.8,62.625,72.4375,43.41267096136795,400,400,370,30,33.666666666666664,182,740,complete,0,0,0.7923076923076923,0.6728492501973165,job 120568
20260922-080717_Meta-Llama-3.1-70B-Instruct_benevolence_Lall_user_rpo0.2,Llama,70B,Meta-Llama-3.1-70B-Instruct,user,english,0,0.2,20260922-080717,latest_user,steer-1,1409.487854238421,1383.7741752091433,1434.6855391473011,-0.22737203108937465,81.9875,78.275,85.95,35.82230232341299,400,400,393,7,71.42857142857143,292,784,complete,0,0,0.7923076923076923,0.6728492501973165,job 120568
20260922-080717_Meta-Llama-3.1-70B-Instruct_benevolence_Lall_user_rpo0.2,Llama,70B,Meta-Llama-3.1-70B-Instruct,user,english,0,0.2,20260922-080717,latest_user,baseline,1500.0,1500.0,1500.0,0.13737303675597198,88.525,85.2625,92.05,29.160321928949962,400,400,399,1,100.0,,,complete,0,0,0.7923076923076923,0.6728492501973165,job 120568
20260922-080717_Meta-Llama-3.1-70B-Instruct_benevolence_Lall_user_rpo0.2,Llama,70B,Meta-Llama-3.1-70B-Instruct,user,english,0,0.2,20260922-080717,latest_user,steer+1,1595.7033057425049,1570.8976607727436,1624.5463626802762,0.523037396520731,91.525,88.0875,94.5,25.559721731662105,400,400,395,5,100.0,500,788,complete,0,0,0.7923076923076923,0.6728492501973165,job 120568
20260922-080717_Meta-Llama-3.1-70B-Instruct_benevolence_Lall_user_rpo0.2,Llama,70B,Meta-Llama-3.1-70B-Instruct,user,english,0,0.2,20260922-080717,latest_user,steer+2,1660.793427574914,1631.9361916983216,1698.8267413919816,0.7853370106118793,94.2125,91.2,96.4,20.480291593383136,400,400,396,4,96.25,566,790,complete,0,0,0.7923076923076923,0.6728492501973165,job 120568
20260921-093650_Olmo-3-7B-Instruct_benevolence_Lall_assistant_rpo0.15,Olmo,7B,Olmo-3-7B-Instruct,assistant,english,0,0.15,20260921-093650,generated_assistant,steer-2,1214.078585248918,1163.3373188728954,1263.8327903736906,-0.6707675676286871,69.2375,64.4125,73.9,40.09184572640676,400,400,373,27,24.444444444444443,118,732,published,0,0,0.8316326530612245,0.6308847402597403,rubric-20260922-v2 campaign
20260921-093650_Olmo-3-7B-Instruct_benevolence_Lall_assistant_rpo0.15,Olmo,7B,Olmo-3-7B-Instruct,assistant,english,0,0.15,20260921-093650,generated_assistant,steer-1,1379.7614593544174,1352.588341122831,1409.6801314475438,-0.046002476676290184,83.725,80.55,87.6375,31.370756685167798,400,400,382,18,65.0,250,750,published,0,0,0.8316326530612245,0.6308847402597403,rubric-20260922-v2 campaign
20260921-093650_Olmo-3-7B-Instruct_benevolence_Lall_assistant_rpo0.15,Olmo,7B,Olmo-3-7B-Instruct,assistant,english,0,0.15,20260921-093650,generated_assistant,baseline,1500.0,1500.0,1500.0,0.4073988974125447,88.25,84.925,91.7625,27.544282528321553,400,400,388,12,64.58333333333333,,,published,0,0,0.8316326530612245,0.6308847402597403,rubric-20260922-v2 campaign
20260921-093650_Olmo-3-7B-Instruct_benevolence_Lall_assistant_rpo0.15,Olmo,7B,Olmo-3-7B-Instruct,assistant,english,0,0.15,20260921-093650,generated_assistant,steer+1,1619.901313545798,1592.4846042605918,1647.4059111637632,0.8595286390480801,91.2875,88.4,93.9,24.774580596853703,400,400,390,10,88.0,509,764,published,0,0,0.8316326530612245,0.6308847402597403,rubric-20260922-v2 campaign
20260921-093650_Olmo-3-7B-Instruct_benevolence_Lall_assistant_rpo0.15,Olmo,7B,Olmo-3-7B-Instruct,assistant,english,0,0.15,20260921-093650,generated_assistant,steer+2,1701.125130655466,1674.615173708953,1730.31860236586,1.165811384069209,92.2375,88.65,95.15,24.311645229190063,400,400,386,14,54.642857142857146,574,754,published,0,0,0.8316326530612245,0.6308847402597403,rubric-20260922-v2 campaign
20260913-152358_Olmo-3-7B-Instruct_benevolence_Lall_user_rpo0.5,Olmo,7B,Olmo-3-7B-Instruct,user,english,0,0.5,20260913-152358,latest_user,steer-2,1331.088174424382,1299.0449870013388,1358.6547582606745,-0.20939079309281464,77.825,73.075,82.0125,35.752893239568735,400,400,372,28,56.785714285714285,199,726,complete_with_parse_gaps,1,0,0.8392857142857143,0.6507676560900717,rubric-20260922-v2 campaign
20260913-152358_Olmo-3-7B-Instruct_benevolence_Lall_user_rpo0.5,Olmo,7B,Olmo-3-7B-Instruct,user,english,0,0.5,20260913-152358,latest_user,steer-1,1419.966600881533,1391.995448752369,1454.2790312998577,0.11290513237037365,86.3,82.375,89.8125,29.80872355536211,400,400,385,15,72.0,290,750,complete_with_parse_gaps,1,0,0.8392857142857143,0.6507676560900717,rubric-20260922-v2 campaign
20260913-152358_Olmo-3-7B-Instruct_benevolence_Lall_user_rpo0.5,Olmo,7B,Olmo-3-7B-Instruct,user,english,0,0.5,20260913-152358,latest_user,baseline,1500.0,1500.0,1500.0,0.40312672455041515,87.9125,84.65,91.4125,27.820043920705803,400,400,383,17,69.70588235294117,,,complete_with_parse_gaps,1,0,0.8392857142857143,0.6507676560900717,rubric-20260922-v2 campaign
20260913-152358_Olmo-3-7B-Instruct_benevolence_Lall_user_rpo0.5,Olmo,7B,Olmo-3-7B-Instruct,user,english,0,0.5,20260913-152358,latest_user,steer+1,1588.7394998584048,1563.3855424852939,1621.6459198075395,0.7249188666040723,91.225,88.2,94.225,25.243798743453805,400,400,383,17,63.8235294117647,467,747,complete_with_parse_gaps,1,0,0.8392857142857143,0.6507676560900717,rubric-20260922-v2 campaign
20260913-152358_Olmo-3-7B-Instruct_benevolence_Lall_user_rpo0.5,Olmo,7B,Olmo-3-7B-Instruct,user,english,0,0.5,20260913-152358,latest_user,steer+2,1646.0964252185934,1611.5528945503236,1684.4811684854978,0.9329097602052009,93.1125,90.35,95.6,22.036897325848756,400,400,387,13,60.76923076923077,527,754,complete_with_parse_gaps,1,0,0.8392857142857143,0.6507676560900717,rubric-20260922-v2 campaign
20260922-080331_Olmo-3.1-32B-Instruct_benevolence_Lall_assistant_rpo0.3,Olmo,32B,Olmo-3.1-32B-Instruct,assistant,english,0,0.3,20260922-080331,generated_assistant,steer-2,1272.3585256267552,1234.2847924727657,1303.410735616682,-0.3142762782522656,77.5875,72.7125,83.1375,37.269187591762716,400,400,386,14,41.785714285714285,162,764,complete,1,0,0.8188775510204082,0.655750641152101,olmo31-32b-assistant-20260923 campaign
20260922-080331_Olmo-3.1-32B-Instruct_benevolence_Lall_assistant_rpo0.3,Olmo,32B,Olmo-3.1-32B-Instruct,assistant,english,0,0.3,20260922-080331,generated_assistant,steer-1,1409.7126274680015,1384.0616685144553,1437.3671927568444,0.1840627165105058,85.15,81.3625,89.2,30.951211607948405,400,400,391,9,63.333333333333336,290,778,complete,1,0,0.8188775510204082,0.655750641152101,olmo31-32b-assistant-20260923 campaign
20260922-080331_Olmo-3.1-32B-Instruct_benevolence_Lall_assistant_rpo0.3,Olmo,32B,Olmo-3.1-32B-Instruct,assistant,english,0,0.3,20260922-080331,generated_assistant,baseline,1500.0,1500.0,1500.0,0.511637341980167,89.6125,86.675,92.5625,26.91258708764358,400,400,395,5,60.0,,,complete,1,0,0.8188775510204082,0.655750641152101,olmo31-32b-assistant-20260923 campaign
20260922-080331_Olmo-3.1-32B-Instruct_benevolence_Lall_assistant_rpo0.3,Olmo,32B,Olmo-3.1-32B-Instruct,assistant,english,0,0.3,20260922-080331,generated_assistant,steer+1,1589.566166632046,1560.4914205828663,1613.9619533006976,0.8365953362871511,92.4375,89.525,95.55,23.491936781585295,400,400,396,4,75.0,491,784,complete,1,0,0.8188775510204082,0.655750641152101,olmo31-32b-assistant-20260923 campaign
20260922-080331_Olmo-3.1-32B-Instruct_benevolence_Lall_assistant_rpo0.3,Olmo,32B,Olmo-3.1-32B-Instruct,assistant,english,0,0.3,20260922-080331,generated_assistant,steer+2,1691.7303199378473,1657.8614178204916,1729.8572538852684,1.2072605059232728,93.7625,91.2125,96.5625,22.31661026567431,400,400,397,3,95.0,592,788,complete,1,0,0.8188775510204082,0.655750641152101,olmo31-32b-assistant-20260923 campaign
20260913-184027_Olmo-3.1-32B-Instruct_benevolence_Lall_user_rpo0.5,Olmo,32B,Olmo-3.1-32B-Instruct,user,english,0,0.5,20260913-184027,latest_user,steer-2,1407.5153957417751,1385.178622827984,1430.410213538415,0.17178365279638272,83.5375,79.475,87.6375,32.646570934020005,400,400,389,11,40.0,284,768,published,0,0,0.8376288659793815,0.6866295264623955,rubric-20260922-v2 campaign
20260913-184027_Olmo-3.1-32B-Instruct_benevolence_Lall_user_rpo0.5,Olmo,32B,Olmo-3.1-32B-Instruct,user,english,0,0.5,20260913-184027,latest_user,steer-1,1432.8263359264124,1405.9773029616981,1452.9706097659005,0.2665964781521582,86.5125,82.5875,90.15,29.904428497297854,400,400,392,8,96.875,313,774,published,0,0,0.8376288659793815,0.6866295264623955,rubric-20260922-v2 campaign
20260913-184027_Olmo-3.1-32B-Instruct_benevolence_Lall_user_rpo0.5,Olmo,32B,Olmo-3.1-32B-Instruct,user,english,0,0.5,20260913-184027,latest_user,baseline,1500.0,1500.0,1500.0,0.5182238311408975,89.75,85.7,93.5625,27.098201047302016,400,400,393,7,55.0,,,published,0,0,0.8376288659793815,0.6866295264623955,rubric-20260922-v2 campaign
20260913-184027_Olmo-3.1-32B-Instruct_benevolence_Lall_user_rpo0.5,Olmo,32B,Olmo-3.1-32B-Instruct,user,english,0,0.5,20260913-184027,latest_user,steer+1,1552.6729279456104,1525.1488533665909,1580.733205319101,0.7155325475241672,90.3125,86.9375,93.3875,26.15511123566482,400,400,390,10,78.5,443,770,published,0,0,0.8376288659793815,0.6866295264623955,rubric-20260922-v2 campaign
20260913-184027_Olmo-3.1-32B-Instruct_benevolence_Lall_user_rpo0.5,Olmo,32B,Olmo-3.1-32B-Instruct,user,english,0,0.5,20260913-184027,latest_user,steer+2,1617.5764072688223,1592.1972777076162,1642.4707060558503,0.9586559639268862,92.9,90.45,95.425,22.83013359575454,400,400,395,5,20.0,516,778,published,0,0,0.8376288659793815,0.6866295264623955,rubric-20260922-v2 campaign
20260919-101411_Qwen3.5-9B_benevolence_Lall_assistant_rpo0.2,Qwen,9B,Qwen3.5-9B,assistant,english,0,0.2,20260919-101411,generated_assistant,steer-2,1315.509675057323,1277.7567260379662,1350.1059097859948,0.2567300903261605,78.35,74.525,82.2,35.069965782703584,400,400,377,23,53.04347826086956,185,721,complete_with_parse_gaps,1,0,0.8553299492385786,0.6642051282051282,rubric-20260922-v2 campaign
20260919-101411_Qwen3.5-9B_benevolence_Lall_assistant_rpo0.2,Qwen,9B,Qwen3.5-9B,assistant,english,0,0.2,20260919-101411,generated_assistant,steer-1,1464.1423678614894,1445.0087727694313,1486.3489454012902,0.8663458167124201,87.4375,84.35,91.25,28.798803686090853,400,400,380,20,53.0,331,738,complete_with_parse_gaps,1,0,0.8553299492385786,0.6642051282051282,rubric-20260922-v2 campaign
20260919-101411_Qwen3.5-9B_benevolence_Lall_assistant_rpo0.2,Qwen,9B,Qwen3.5-9B,assistant,english,0,0.2,20260919-101411,generated_assistant,baseline,1500.0,1500.0,1500.0,1.013415590193619,89.5875,86.1375,92.725,27.198664374376914,400,400,382,18,69.16666666666667,,,complete_with_parse_gaps,1,0,0.8553299492385786,0.6642051282051282,rubric-20260922-v2 campaign
20260919-101411_Qwen3.5-9B_benevolence_Lall_assistant_rpo0.2,Qwen,9B,Qwen3.5-9B,assistant,english,0,0.2,20260919-101411,generated_assistant,steer+1,1550.9825571209697,1527.5957113665877,1577.8709640435584,1.2225201149516987,90.55,87.4,93.8125,26.49900941544797,400,400,393,7,72.85714285714286,432,754,complete_with_parse_gaps,1,0,0.8553299492385786,0.6642051282051282,rubric-20260922-v2 campaign
20260919-101411_Qwen3.5-9B_benevolence_Lall_assistant_rpo0.2,Qwen,9B,Qwen3.5-9B,assistant,english,0,0.2,20260919-101411,generated_assistant,steer+2,1577.8709640360457,1555.1429723868123,1604.7996105735026,1.3328026874036454,93.8,91.2625,96.3625,22.339650847763938,400,400,391,9,66.66666666666667,459,752,complete_with_parse_gaps,1,0,0.8553299492385786,0.6642051282051282,rubric-20260922-v2 campaign
20260919-101411_Qwen3.5-9B_benevolence_Lall_assistant_rpo0.2,Qwen,9B,Qwen3.5-9B,assistant,english,0,0.2,20260919-101411,generated_assistant,steer-2,1315.3915604072229,1275.3439472056743,1346.3144063326747,0.0932720645843165,76.225,71.7375,80.4125,37.230691304352646,400,400,358,42,34.76190476190476,179,698,complete,0,0,0.788659793814433,0.6517453798767967,job 60168
20260919-101411_Qwen3.5-9B_benevolence_Lall_assistant_rpo0.2,Qwen,9B,Qwen3.5-9B,assistant,english,0,0.2,20260919-101411,generated_assistant,steer-1,1441.1521695891377,1415.8225496407013,1464.3367728597004,0.7434856951075075,88.7625,85.8,91.4,26.20650861427367,400,400,382,18,74.16666666666667,312,750,complete,0,0,0.788659793814433,0.6517453798767967,job 60168
20260919-101411_Qwen3.5-9B_benevolence_Lall_assistant_rpo0.2,Qwen,9B,Qwen3.5-9B,assistant,english,0,0.2,20260919-101411,generated_assistant,baseline,1500.0,1500.0,1500.0,1.047743615840945,90.6125,87.7875,93.4,24.273181574527886,400,400,388,12,94.16666666666667,,,complete,0,0,0.788659793814433,0.6517453798767967,job 60168
20260919-101411_Qwen3.5-9B_benevolence_Lall_assistant_rpo0.2,Qwen,9B,Qwen3.5-9B,assistant,english,0,0.2,20260919-101411,generated_assistant,steer+1,1543.366412666387,1520.9717463724598,1569.9508510971257,1.2719587560665333,91.3625,88.6125,94.0875,24.250383373258245,400,400,387,13,89.61538461538461,425,756,complete,0,0,0.788659793814433,0.6517453798767967,job 60168
20260919-101411_Qwen3.5-9B_benevolence_Lall_assistant_rpo0.2,Qwen,9B,Qwen3.5-9B,assistant,english,0,0.2,20260919-101411,generated_assistant,steer+2,1592.822798326382,1560.1269615873252,1624.8146107743269,1.5276605714579052,93.9125,91.0875,96.275,20.853772890055172,400,400,386,14,87.5,473,750,complete,0,0,0.788659793814433,0.6517453798767967,job 60168
20260922-150603_Qwen3.5-9B_benevolence_Lall_assistant_hoyer0.01_rpo0.2,Qwen,9B,Qwen3.5-9B,assistant,english,0.01,0.2,20260922-150603,generated_assistant,steer-2,1365.8262899883832,1335.9075072386163,1393.4506848403469,0.28321225228092717,82.1875,78.4,85.525,33.151581315979485,400,400,379,21,46.19047619047619,233,738,complete,1,0,0.7780612244897959,0.67067454656613,job 60168
20260922-150603_Qwen3.5-9B_benevolence_Lall_assistant_hoyer0.01_rpo0.2,Qwen,9B,Qwen3.5-9B,assistant,english,0.01,0.2,20260922-150603,generated_assistant,steer-1,1472.7495697440866,1443.7344531433646,1498.1543752782513,0.843888622317111,87.2375,84.0625,90.625,27.84207416393398,400,400,381,19,73.94736842105263,341,740,complete,1,0,0.7780612244897959,0.67067454656613,job 60168
20260922-150603_Qwen3.5-9B_benevolence_Lall_assistant_hoyer0.01_rpo0.2,Qwen,9B,Qwen3.5-9B,assistant,english,0.01,0.2,20260922-150603,generated_assistant,baseline,1500.0,1500.0,1500.0,0.9867824088967804,88.0875,84.5,91.6375,28.36423529288248,400,400,387,13,82.6923076923077,,,complete,1,0,0.7780612244897959,0.67067454656613,job 60168
20260922-150603_Qwen3.5-9B_benevolence_Lall_assistant_hoyer0.01_rpo0.2,Qwen,9B,Qwen3.5-9B,assistant,english,0.01,0.2,20260922-150603,generated_assistant,steer+1,1530.6125940107913,1506.426225711931,1558.208138952162,1.147306460596068,91.975,88.6,94.3625,23.5605470012901,400,400,383,17,77.94117647058823,408,750,complete,1,0,0.7780612244897959,0.67067454656613,job 60168
20260922-150603_Qwen3.5-9B_benevolence_Lall_assistant_hoyer0.01_rpo0.2,Qwen,9B,Qwen3.5-9B,assistant,english,0.01,0.2,20260922-150603,generated_assistant,steer+2,1588.1278168241402,1562.7317855573506,1612.2334861949703,1.4489005233903363,91.875,88.8125,94.6125,24.484370014358138,400,400,391,9,86.66666666666667,472,756,complete,1,0,0.7780612244897959,0.67067454656613,job 60168
20260922-150615_Qwen3.5-9B_benevolence_Lall_assistant_hoyer0.05_rpo0.2,Qwen,9B,Qwen3.5-9B,assistant,english,0.05,0.2,20260922-150615,generated_assistant,steer-2,1465.8001854509264,1440.4334188577013,1489.5690596348666,0.7703224587177092,87.3,84.0125,90.4,28.669844785069905,400,400,380,20,88.75,335,743,complete,1,0,0.8035714285714286,0.6711939995945672,job 60168
20260922-150615_Qwen3.5-9B_benevolence_Lall_assistant_hoyer0.05_rpo0.2,Qwen,9B,Qwen3.5-9B,assistant,english,0.05,0.2,20260922-150615,generated_assistant,steer-1,1475.90465218281,1452.2197048346443,1501.821435216581,0.8180194969295616,89.4375,86.325,92.6875,25.69525430405389,400,400,382,18,88.33333333333333,349,750,complete,1,0,0.8035714285714286,0.6711939995945672,job 60168
20260922-150615_Qwen3.5-9B_benevolence_Lall_assistant_hoyer0.05_rpo0.2,Qwen,9B,Qwen3.5-9B,assistant,english,0.05,0.2,20260922-150615,generated_assistant,baseline,1500.0,1500.0,1500.0,0.9317589703782655,89.6375,86.225,92.3875,26.399452527467307,400,400,389,11,83.63636363636364,,,complete,1,0,0.8035714285714286,0.6711939995945672,job 60168
20260922-150615_Qwen3.5-9B_benevolence_Lall_assistant_hoyer0.05_rpo0.2,Qwen,9B,Qwen3.5-9B,assistant,english,0.05,0.2,20260922-150615,generated_assistant,steer+1,1548.8411704668633,1528.7569440344369,1575.25050761954,1.1623084131033161,91.3,88.3625,93.8875,23.639162421710292,400,400,386,14,82.5,432,758,complete,1,0,0.8035714285714286,0.6711939995945672,job 60168
20260922-150615_Qwen3.5-9B_benevolence_Lall_assistant_hoyer0.05_rpo0.2,Qwen,9B,Qwen3.5-9B,assistant,english,0.05,0.2,20260922-150615,generated_assistant,steer+2,1561.7080218113942,1540.2503148922126,1585.9375391949354,1.2230449879796343,92.3125,89.6375,95.3125,23.132009072927495,400,400,384,16,78.125,441,750,complete,1,0,0.8035714285714286,0.6711939995945672,job 60168
20260913-125025_Qwen3.5-9B_benevolence_Lall_user,Qwen,9B,Qwen3.5-9B,user,english,0,0,20260913-125025,latest_user,steer-2,1331.1590456215479,1292.8950423731508,1363.098574787009,0.294179308175193,75.3375,70.475,79.7,38.81138484710382,400,400,379,21,40.476190476190474,204,744,published,0,0,0.8401015228426396,0.6639311449159327,rubric-20260922-v2 campaign
20260913-125025_Qwen3.5-9B_benevolence_Lall_user,Qwen,9B,Qwen3.5-9B,user,english,0,0,20260913-125025,latest_user,steer-1,1449.035784458989,1422.2269138979395,1470.1854635972431,0.7921634427426016,85.7625,82.2125,89.8,31.338571980069545,400,400,388,12,80.41666666666667,328,768,published,0,0,0.8401015228426396,0.6639311449159327,rubric-20260922-v2 campaign
20260913-125025_Qwen3.5-9B_benevolence_Lall_user,Qwen,9B,Qwen3.5-9B,user,english,0,0,20260913-125025,latest_user,baseline,1500.0,1500.0,1500.0,1.0074677599505704,91.925,89.375,94.725,23.37026690048704,400,400,393,7,86.42857142857143,,,published,0,0,0.8401015228426396,0.6639311449159327,rubric-20260922-v2 campaign
20260913-125025_Qwen3.5-9B_benevolence_Lall_user,Qwen,9B,Qwen3.5-9B,user,english,0,0,20260913-125025,latest_user,steer+1,1554.6628256676736,1529.1346050334478,1576.1235075069317,1.2383972902514147,91.95,89.0875,94.875,23.826403421414657,400,400,390,10,95.5,444,768,published,0,0,0.8401015228426396,0.6639311449159327,rubric-20260922-v2 campaign
20260913-125025_Qwen3.5-9B_benevolence_Lall_user,Qwen,9B,Qwen3.5-9B,user,english,0,0,20260913-125025,latest_user,steer+2,1630.587958879139,1603.968111181586,1658.6286140286743,1.5591519372421867,93.7875,91.3375,96.3625,20.74770695161275,400,400,387,13,62.69230769230769,518,762,published,0,0,0.8401015228426396,0.6639311449159327,rubric-20260922-v2 campaign
20260913-125025_Qwen3.5-9B_benevolence_Lall_user,Qwen,9B,Qwen3.5-9B,user,english,0,0,20260913-125025,latest_user,steer-2,1360.458828529588,1327.9251206210504,1394.1371327073525,0.2996404809030618,75.5,70.525,78.875,38.19031290785662,400,400,372,28,56.42857142857143,225,728,complete,0,0,0.7692307692307693,0.6557778685177623,job 60168
20260913-125025_Qwen3.5-9B_benevolence_Lall_user,Qwen,9B,Qwen3.5-9B,user,english,0,0,20260913-125025,latest_user,steer-1,1471.096819951804,1442.8784646538957,1496.2789947049719,0.8875257860787361,85.1375,80.8875,88.7625,30.97650066986263,400,400,382,18,73.88888888888889,342,746,complete,0,0,0.7692307692307693,0.6557778685177623,job 60168
20260913-125025_Qwen3.5-9B_benevolence_Lall_user,Qwen,9B,Qwen3.5-9B,user,english,0,0,20260913-125025,latest_user,baseline,1500.0,1500.0,1500.0,1.0411055339099968,89.5,86.05,92.125,26.272609310839304,400,400,387,13,81.53846153846153,,,complete,0,0,0.7692307692307693,0.6557778685177623,job 60168
20260913-125025_Qwen3.5-9B_benevolence_Lall_user,Qwen,9B,Qwen3.5-9B,user,english,0,0,20260913-125025,latest_user,steer+1,1543.8345098526586,1515.0539856961386,1570.34012758918,1.2740242978056124,91.3375,88.125,93.85,23.662176437301788,400,400,386,14,84.28571428571429,421,748,complete,0,0,0.7692307692307693,0.6557778685177623,job 60168
20260913-125025_Qwen3.5-9B_benevolence_Lall_user,Qwen,9B,Qwen3.5-9B,user,english,0,0,20260913-125025,latest_user,steer+2,1618.1793117419986,1590.5875788778853,1645.6635148607722,1.669062349248071,93.4,90.7625,95.5125,19.26629180719528,400,400,388,12,87.91666666666667,502,756,complete,0,0,0.7692307692307693,0.6557778685177623,job 60168
20260913-234843_Qwen3.5-9B_benevolence_Lall_user_hoyer0.01,Qwen,9B,Qwen3.5-9B,user,english,0.01,0,20260913-234843,latest_user,steer-2,1374.1670771538002,1336.044329314568,1402.5538649080427,0.44254817041559336,77.45,73.725,81.525,37.33292782517867,400,400,382,18,31.11111111111111,244,748,published,0,0,0.8409090909090909,0.6571428571428571,rubric-20260922-v2 campaign
20260913-234843_Qwen3.5-9B_benevolence_Lall_user_hoyer0.01,Qwen,9B,Qwen3.5-9B,user,english,0.01,0,20260913-234843,latest_user,steer-1,1451.1588295228464,1425.1801403711536,1477.1394986061478,0.7629007498992124,87.175,83.7375,90.8,30.567865071018616,400,400,387,13,71.53846153846153,326,758,published,0,0,0.8409090909090909,0.6571428571428571,rubric-20260922-v2 campaign
20260913-234843_Qwen3.5-9B_benevolence_Lall_user_hoyer0.01,Qwen,9B,Qwen3.5-9B,user,english,0.01,0,20260913-234843,latest_user,baseline,1500.0,1500.0,1500.0,0.9661224517817351,91.2,88.175,93.9375,24.777711758756094,400,400,389,11,87.72727272727273,,,published,0,0,0.8409090909090909,0.6571428571428571,rubric-20260922-v2 campaign
20260913-234843_Qwen3.5-9B_benevolence_Lall_user_hoyer0.01,Qwen,9B,Qwen3.5-9B,user,english,0.01,0,20260913-234843,latest_user,steer+1,1543.0218816594452,1517.1824630999442,1573.3979454619332,1.1451308564453915,93.7625,91.575,96.5625,20.869381728982773,400,400,387,13,65.38461538461539,428,762,published,0,0,0.8409090909090909,0.6571428571428571,rubric-20260922-v2 campaign
20260913-234843_Qwen3.5-9B_benevolence_Lall_user_hoyer0.01,Qwen,9B,Qwen3.5-9B,user,english,0.01,0,20260913-234843,latest_user,steer+2,1618.1968320714902,1591.5453959595263,1646.1246303907562,1.4579239613693664,93.9125,91.4,96.3,21.041740511421576,400,400,390,10,48.0,506,762,published,0,0,0.8409090909090909,0.6571428571428571,rubric-20260922-v2 campaign
20260913-234843_Qwen3.5-9B_benevolence_Lall_user_hoyer0.01,Qwen,9B,Qwen3.5-9B,user,english,0.01,0,20260913-234843,latest_user,steer-2,1371.613832156388,1343.6553154308458,1399.5930842523244,0.3296715078371911,79.9375,76.625,84.25,35.553601698702764,400,400,377,23,49.34782608695652,239,740,complete,0,0,0.7897435897435897,0.6584178498985801,job 60168
20260913-234843_Qwen3.5-9B_benevolence_Lall_user_hoyer0.01,Qwen,9B,Qwen3.5-9B,user,english,0.01,0,20260913-234843,latest_user,steer-1,1455.1013655754557,1426.9641791621145,1480.9171528394118,0.7617940851995013,84.45,80.6,88.4125,31.856278815957147,400,400,383,17,63.529411764705884,325,746,complete,0,0,0.7897435897435897,0.6584178498985801,job 60168
20260913-234843_Qwen3.5-9B_benevolence_Lall_user_hoyer0.01,Qwen,9B,Qwen3.5-9B,user,english,0.01,0,20260913-234843,latest_user,baseline,1500.0,1500.0,1500.0,0.9941846330217118,90.0375,86.875,92.875,24.75754619807868,400,400,389,11,72.72727272727273,,,complete,0,0,0.7897435897435897,0.6584178498985801,job 60168
20260913-234843_Qwen3.5-9B_benevolence_Lall_user_hoyer0.01,Qwen,9B,Qwen3.5-9B,user,english,0.01,0,20260913-234843,latest_user,steer+1,1554.3111608543454,1532.8833712387654,1579.813258500959,1.2752934147378412,90.2875,86.975,93.1625,25.99480416833333,400,400,386,14,81.78571428571429,439,760,complete,0,0,0.7897435897435897,0.6584178498985801,job 60168
20260913-234843_Qwen3.5-9B_benevolence_Lall_user_hoyer0.01,Qwen,9B,Qwen3.5-9B,user,english,0.01,0,20260913-234843,latest_user,steer+2,1596.9898752857307,1569.1709719213159,1620.241268208774,1.4961938932084171,93.3125,90.8875,95.4375,20.714483912229145,400,400,385,15,88.33333333333333,481,756,complete,0,0,0.7897435897435897,0.6584178498985801,job 60168
20260913-234838_Qwen3.5-9B_benevolence_Lall_user_hoyer0.05,Qwen,9B,Qwen3.5-9B,user,english,0.05,0,20260913-234838,latest_user,steer-2,1468.1131674430385,1439.0807095747182,1493.4172121442825,0.8479967445033785,84.95,81.025,89.3375,32.027293048273684,400,400,382,18,57.22222222222222,337,742,published,0,0,0.8443877551020408,0.6798049573344169,rubric-20260922-v2 campaign
20260913-234838_Qwen3.5-9B_benevolence_Lall_user_hoyer0.05,Qwen,9B,Qwen3.5-9B,user,english,0.05,0,20260913-234838,latest_user,steer-1,1452.772943736324,1424.4805817330387,1475.8401048000912,0.7827122413737848,87.9125,84.675,91.5875,28.312185428716024,400,400,385,15,68.33333333333333,326,754,published,0,0,0.8443877551020408,0.6798049573344169,rubric-20260922-v2 campaign
20260913-234838_Qwen3.5-9B_benevolence_Lall_user_hoyer0.05,Qwen,9B,Qwen3.5-9B,user,english,0.05,0,20260913-234838,latest_user,baseline,1500.0,1500.0,1500.0,0.9836998515543265,91.0875,87.85,94.35,24.859703211221166,400,400,386,14,68.57142857142857,,,published,0,0,0.8443877551020408,0.6798049573344169,rubric-20260922-v2 campaign
20260913-234838_Qwen3.5-9B_benevolence_Lall_user_hoyer0.05,Qwen,9B,Qwen3.5-9B,user,english,0.05,0,20260913-234838,latest_user,steer+1,1536.118900371645,1514.035985618933,1565.0029115949876,1.1374136766870073,91.4,88.425,94.3625,23.901673581571647,400,400,384,16,69.6875,415,752,published,0,0,0.8443877551020408,0.6798049573344169,rubric-20260922-v2 campaign
20260913-234838_Qwen3.5-9B_benevolence_Lall_user_hoyer0.05,Qwen,9B,Qwen3.5-9B,user,english,0.05,0,20260913-234838,latest_user,steer+2,1561.9885766028467,1539.7479512005032,1590.319868535834,1.247509134951949,92.7,90.1,95.175,22.744999450428658,400,400,388,12,67.08333333333333,446,758,published,0,0,0.8443877551020408,0.6798049573344169,rubric-20260922-v2 campaign
20260913-234838_Qwen3.5-9B_benevolence_Lall_user_hoyer0.05,Qwen,9B,Qwen3.5-9B,user,english,0.05,0,20260913-234838,latest_user,steer-2,1429.272755231142,1402.095514469796,1452.8992544611292,0.6992816400471198,84.0625,80.35,87.6625,31.879595256997852,400,400,382,18,74.72222222222223,298,746,complete,0,0,0.8041237113402062,0.6706769983686787,job 60168
20260913-234838_Qwen3.5-9B_benevolence_Lall_user_hoyer0.05,Qwen,9B,Qwen3.5-9B,user,english,0.05,0,20260913-234838,latest_user,steer-1,1489.6817409666228,1464.4331842558815,1512.2287621152768,0.988063561089401,86.95,83.6875,90.0875,28.761041358059344,400,400,379,21,72.85714285714286,359,740,complete,0,0,0.8041237113402062,0.6706769983686787,job 60168
20260913-234838_Qwen3.5-9B_benevolence_Lall_user_hoyer0.05,Qwen,9B,Qwen3.5-9B,user,english,0.05,0,20260913-234838,latest_user,baseline,1500.0,1500.0,1500.0,1.0373894457933452,90.05,87.075,92.825,25.367252511850786,400,400,388,12,79.58333333333333,,,complete,0,0,0.8041237113402062,0.6706769983686787,job 60168
20260913-234838_Qwen3.5-9B_benevolence_Lall_user_hoyer0.05,Qwen,9B,Qwen3.5-9B,user,english,0.05,0,20260913-234838,latest_user,steer+1,1540.2862436675707,1519.9294620445914,1566.3127300185747,1.2299756760744038,92.175,89.675,94.6,21.900784803289586,400,400,381,19,86.3157894736842,415,744,complete,0,0,0.8041237113402062,0.6706769983686787,job 60168
20260913-234838_Qwen3.5-9B_benevolence_Lall_user_hoyer0.05,Qwen,9B,Qwen3.5-9B,user,english,0.05,0,20260913-234838,latest_user,steer+2,1559.3170500886363,1531.2938906470063,1587.4050688782258,1.3209514269556375,91.4875,88.4,94.3,23.491484494386473,400,400,386,14,63.92857142857143,442,756,complete,0,0,0.8041237113402062,0.6706769983686787,job 60168
20260914-005323_Qwen3.5-9B_benevolence-chinese_Lall_user,Qwen,9B,Qwen3.5-9B,user,chinese,0,0,20260914-005323,latest_user,steer-2,1391.5079959145817,1355.7757236861921,1427.3861633962385,0.6471958797870088,81.62371134020619,77.8221649484536,85.38659793814433,34.33563347940648,388,388,353,35,61.57142857142857,237,680,complete_with_parse_gaps,0,1,0.8513513513513513,0.6648590021691974,rubric-20260922-v2 campaign
20260914-005323_Qwen3.5-9B_benevolence-chinese_Lall_user,Qwen,9B,Qwen3.5-9B,user,chinese,0,0,20260914-005323,latest_user,steer-1,1450.680457521047,1425.4081348566422,1477.5205703018848,0.8978158545478278,88.17829457364341,84.1321243523316,90.71059431524547,27.468125651512576,387,388,356,31,75.16129032258064,298,694,complete_with_parse_gaps,0,1,0.8513513513513513,0.6648590021691974,rubric-20260922-v2 campaign
20260914-005323_Qwen3.5-9B_benevolence-chinese_Lall_user,Qwen,9B,Qwen3.5-9B,user,chinese,0,0,20260914-005323,latest_user,baseline,1500.0,1500.0,1500.0,1.1067046206345816,91.70103092783505,88.82731958762886,94.02061855670104,23.54406482806037,388,388,368,20,65.5,,,complete_with_parse_gaps,0,1,0.8513513513513513,0.6648590021691974,rubric-20260922-v2 campaign
20260914-005323_Qwen3.5-9B_benevolence-chinese_Lall_user,Qwen,9B,Qwen3.5-9B,user,chinese,0,0,20260914-005323,latest_user,steer+1,1544.0909994384456,1519.7338509726342,1570.5400611682307,1.293448333274638,95.3221649484536,92.75773195876289,97.02319587628865,17.893926385747907,388,388,372,16,80.3125,401,712,complete_with_parse_gaps,0,1,0.8513513513513513,0.6648590021691974,rubric-20260922-v2 campaign
20260914-005323_Qwen3.5-9B_benevolence-chinese_Lall_user,Qwen,9B,Qwen3.5-9B,user,chinese,0,0,20260914-005323,latest_user,steer+2,1576.0227660574237,1550.4772587717641,1603.1593395247655,1.4286926399479007,94.2139175257732,91.84278350515464,96.37886597938144,20.847707780581974,388,388,371,17,87.94117647058823,434,714,complete_with_parse_gaps,0,1,0.8513513513513513,0.6648590021691974,rubric-20260922-v2 campaign
20260914-010122_Qwen3.5-9B_benevolence-french_Lall_user,Qwen,9B,Qwen3.5-9B,user,french,0,0,20260914-010122,latest_user,steer-2,1408.1963798880968,1378.6277019251108,1439.0888735331641,0.6542486627902158,84.79746835443038,80.53299492385787,89.06565656565657,31.775868459816813,395,396,364,31,54.354838709677416,258,696,complete_with_parse_gaps,1,1,0.8549222797927462,0.665876266436732,rubric-20260922-v2 campaign
20260914-010122_Qwen3.5-9B_benevolence-french_Lall_user,Qwen,9B,Qwen3.5-9B,user,french,0,0,20260914-010122,latest_user,steer-1,1451.9800733896286,1423.8977237495187,1480.4330332608884,0.8205338841765869,88.97727272727273,85.58080808080808,92.92929292929293,27.725694399522634,396,396,365,31,70.64516129032258,301,698,complete_with_parse_gaps,1,1,0.8549222797927462,0.665876266436732,rubric-20260922-v2 campaign
20260914-010122_Qwen3.5-9B_benevolence-french_Lall_user,Qwen,9B,Qwen3.5-9B,user,french,0,0,20260914-010122,latest_user,baseline,1500.0,1500.0,1500.0,1.0029078112890526,91.5909090909091,88.58585858585859,94.5580808080808,24.661738209152777,396,396,364,32,81.09375,,,complete_with_parse_gaps,1,1,0.8549222797927462,0.665876266436732,rubric-20260922-v2 campaign
20260914-010122_Qwen3.5-9B_benevolence-french_Lall_user,Qwen,9B,Qwen3.5-9B,user,french,0,0,20260914-010122,latest_user,steer+1,1544.6495780321497,1520.8413596607213,1570.5351228604713,1.1724815583651031,92.1969696969697,89.67171717171718,95.18939393939394,23.785586648880557,396,396,378,18,70.83333333333333,401,711,complete_with_parse_gaps,1,1,0.8549222797927462,0.665876266436732,rubric-20260922-v2 campaign
20260914-010122_Qwen3.5-9B_benevolence-french_Lall_user,Qwen,9B,Qwen3.5-9B,user,french,0,0,20260914-010122,latest_user,steer+2,1592.5504060441147,1564.3477605104686,1618.7513800287218,1.3544031632722222,94.72222222222223,92.43686868686869,96.83080808080808,18.81055504019789,396,396,375,21,83.0952380952381,445,706,complete_with_parse_gaps,1,1,0.8549222797927462,0.665876266436732,rubric-20260922-v2 campaign
20260922-182952_Qwen3.5-9B_benevolence-spanish_Lall_user,Qwen,9B,Qwen3.5-9B,user,spanish,0,0,20260922-182952,latest_user,steer-2,1387.0629484727338,1360.169801375464,1419.5602660315706,0.45518390255552504,79.33503836317135,74.89795918367346,83.27365728900256,36.33909317841075,391,392,351,40,60.125,231,674,complete,1,1,0.7834224598930482,0.6682088565763384,job 89162
20260922-182952_Qwen3.5-9B_benevolence-spanish_Lall_user,Qwen,9B,Qwen3.5-9B,user,spanish,0,0,20260922-182952,latest_user,steer-1,1458.7513806491381,1431.3791922616335,1485.9872515379348,0.8421119953790043,85.33163265306122,80.99489795918367,90.11479591836735,31.012130927773775,392,392,352,40,78.625,298,676,complete,1,1,0.7834224598930482,0.6682088565763384,job 89162
20260922-182952_Qwen3.5-9B_benevolence-spanish_Lall_user,Qwen,9B,Qwen3.5-9B,user,spanish,0,0,20260922-182952,latest_user,baseline,1500.0,1500.0,1500.0,1.0647455379533084,89.83418367346938,86.49234693877551,92.88265306122449,25.413128433598853,392,392,363,29,77.24137931034483,,,complete,1,1,0.7834224598930482,0.6682088565763384,job 89162
20260922-182952_Qwen3.5-9B_benevolence-spanish_Lall_user,Qwen,9B,Qwen3.5-9B,user,spanish,0,0,20260922-182952,latest_user,steer+1,1513.0412225824243,1485.995014646914,1538.2693172701652,1.1351336776951173,91.14795918367346,87.76785714285714,93.9795918367347,24.807083129342093,392,392,363,29,72.41379310344827,359,692,complete,1,1,0.7834224598930482,0.6682088565763384,job 89162
20260922-182952_Qwen3.5-9B_benevolence-spanish_Lall_user,Qwen,9B,Qwen3.5-9B,user,spanish,0,0,20260922-182952,latest_user,steer+2,1591.8873602257295,1560.2118826294486,1622.411911186061,1.5606944653791164,92.1938775510204,89.61734693877551,94.64285714285714,22.64484360969303,392,392,370,22,83.4090909090909,445,707,complete,1,1,0.7834224598930482,0.6682088565763384,job 89162
20260919-191216_Qwen3.5-27B_benevolence_Lall_assistant_rpo0.2,Qwen,27B,Qwen3.5-27B,assistant,english,0,0.2,20260919-191216,generated_assistant,steer-2,1416.2346035819176,1393.6146517380569,1442.7252086815595,0.6766074058555004,86.375,82.5875,90.0375,29.868200062943195,400,400,387,13,68.46153846153847,290,760,complete_with_parse_gaps,1,0,0.8282051282051283,0.7082085080886759,rubric-20260922-v2 campaign
20260919-191216_Qwen3.5-27B_benevolence_Lall_assistant_rpo0.2,Qwen,27B,Qwen3.5-27B,assistant,english,0,0.2,20260919-191216,generated_assistant,steer-1,1470.8653949618915,1449.8263104727212,1492.8629637134065,0.9110249429820799,90.125,86.6,93.075,26.300843617648464,400,400,389,11,89.0909090909091,350,764,complete_with_parse_gaps,1,0,0.8282051282051283,0.7082085080886759,rubric-20260922-v2 campaign
20260919-191216_Qwen3.5-27B_benevolence_Lall_assistant_rpo0.2,Qwen,27B,Qwen3.5-27B,assistant,english,0,0.2,20260919-191216,generated_assistant,baseline,1500.0,1500.0,1500.0,1.036039832674719,89.625,86.325,93.225,27.56554688374602,400,400,391,9,77.22222222222223,,,complete_with_parse_gaps,1,0,0.8282051282051283,0.7082085080886759,rubric-20260922-v2 campaign
20260919-191216_Qwen3.5-27B_benevolence_Lall_assistant_rpo0.2,Qwen,27B,Qwen3.5-27B,assistant,english,0,0.2,20260919-191216,generated_assistant,steer+1,1521.6020602117521,1502.6623937577717,1547.029390230336,1.1287330121763304,91.475,88.625,94.475,24.55248205375579,400,400,392,8,91.875,410,772,complete_with_parse_gaps,1,0,0.8282051282051283,0.7082085080886759,rubric-20260922-v2 campaign
20260919-191216_Qwen3.5-27B_benevolence_Lall_assistant_rpo0.2,Qwen,27B,Qwen3.5-27B,assistant,english,0,0.2,20260919-191216,generated_assistant,steer+2,1553.0363934108575,1530.049539205609,1576.1235074877875,1.2636159011774903,92.4625,89.225,95.3125,24.474447772115308,400,400,394,6,66.66666666666667,448,778,complete_with_parse_gaps,1,0,0.8282051282051283,0.7082085080886759,rubric-20260922-v2 campaign
20260913-160552_Qwen3.5-27B_benevolence_Lall_user,Qwen,27B,Qwen3.5-27B,user,english,0,0,20260913-160552,latest_user,steer-2,1423.8022805033957,1400.6457481330021,1445.833522485863,0.8255143426623823,87.1875,83.6,91.25,29.432589824036892,400,400,389,11,91.36363636363636,301,768,published,0,0,0.8673469387755102,0.6951413779370769,rubric-20260922-v2 campaign
20260913-160552_Qwen3.5-27B_benevolence_Lall_user,Qwen,27B,Qwen3.5-27B,user,english,0,0,20260913-160552,latest_user,steer-1,1457.0763912460886,1434.7905543054808,1477.5536232030925,0.9525377181385203,90.3,87.5375,93.4,26.12058575147196,400,400,392,8,91.875,342,780,published,0,0,0.8673469387755102,0.6951413779370769,rubric-20260922-v2 campaign
20260913-160552_Qwen3.5-27B_benevolence_Lall_user,Qwen,27B,Qwen3.5-27B,user,english,0,0,20260913-160552,latest_user,baseline,1500.0,1500.0,1500.0,1.1163978950100015,91.825,88.6,94.1875,24.216097435383762,400,400,393,7,71.42857142857143,,,published,0,0,0.8673469387755102,0.6951413779370769,rubric-20260922-v2 campaign
20260913-160552_Qwen3.5-27B_benevolence_Lall_user,Qwen,27B,Qwen3.5-27B,user,english,0,0,20260913-160552,latest_user,steer+1,1525.5457951770406,1499.9999999933796,1550.440424962539,1.2139185517663156,90.5,87.225,93.3125,25.836021365527625,400,400,383,17,74.11764705882354,409,762,published,0,0,0.8673469387755102,0.6951413779370769,rubric-20260922-v2 campaign
20260913-160552_Qwen3.5-27B_benevolence_Lall_user,Qwen,27B,Qwen3.5-27B,user,english,0,0,20260913-160552,latest_user,steer+2,1561.1656099934016,1531.0640291635193,1591.5453959596828,1.3498966143146203,93.325,90.2125,95.9375,21.594429258491644,400,400,387,13,65.76923076923077,451,768,published,0,0,0.8673469387755102,0.6951413779370769,rubric-20260922-v2 campaign
