model,span,penalty,vector_run,job,simulated,condition,win_rate,win_lo,win_hi,n_games,score,score_lo,score_hi,n_graded,pct_coherent,elo,elo_lo,elo_hi
Qwen3.5-9B,user,no penalty,20260913-125025_Qwen3.5-9B_benevolence_Lall_user,2090156,False,-2,30.90659340659341,27.049180327868854,35.199999999999996,728,75.5,70.525,78.875,400,93.0,1360.458828529588,1327.9251206210504,1394.1371327073525
Qwen3.5-9B,user,no penalty,20260913-125025_Qwen3.5-9B_benevolence_Lall_user,2090156,False,-1,45.84450402144772,41.8421052631579,49.46380697050938,746,85.1375,80.8875,88.7625,400,95.5,1471.096819951804,1442.8784646538957,1496.2789947049719
Qwen3.5-9B,user,no penalty,20260913-125025_Qwen3.5-9B_benevolence_Lall_user,2090156,False,0,,,,,89.5,86.05,92.125,400,96.75,1500.0,1500.0,1500.0
Qwen3.5-9B,user,no penalty,20260913-125025_Qwen3.5-9B_benevolence_Lall_user,2090156,False,+1,56.28342245989305,52.1680216802168,60.0,748,91.3375,88.125,93.85,400,96.5,1543.8345098526586,1515.0539856961386,1570.34012758918
Qwen3.5-9B,user,no penalty,20260913-125025_Qwen3.5-9B_benevolence_Lall_user,2090156,False,+2,66.4021164021164,62.76595744680851,69.84126984126983,756,93.4,90.7625,95.5125,400,97.0,1618.1793117419986,1590.5875788778853,1645.6635148607722
Qwen3.5-9B,user,no penalty,20260913-125025_Qwen3.5-9B_benevolence_Lall_user,2090156,False,distrust pole,25.52910052910053,20.91152815013405,30.23560209424084,756,81.725,77.075,85.475,200,97.5,1304.0675211367366,1254.1388738331593,1344.8696482650705
Qwen3.5-9B,user,no penalty,20260913-125025_Qwen3.5-9B_benevolence_Lall_user,2090156,False,trust pole,47.80361757105943,42.74193548387097,51.92307692307693,774,95.6,93.25,97.8,200,100.0,1492.2640799691687,1459.1534034900526,1521.2913432746666
Llama-3.1-8B-Instruct,user,simulated,simulated,-1,True,-2,36.930967784693166,33.06781859154494,41.07059237639861,731,81.87901940974774,77.50497326054816,86.20810899457969,388,93.41666666666667,1394.571451406566,1361.560393225306,1425.0177339809964
Llama-3.1-8B-Instruct,user,simulated,simulated,-1,True,-1,44.274229700564824,40.70120325839663,47.76311537214236,752,85.92729953364211,82.24058308635556,89.33663608428711,391,95.875,1464.949457975712,1439.0086904726368,1489.709037406963
Llama-3.1-8B-Instruct,user,simulated,simulated,-1,True,0,,,,,90.93692572433758,87.46751038945293,93.84279387923768,391,96.54166666666667,1500.0,1500.0,1500.0
Llama-3.1-8B-Instruct,user,simulated,simulated,-1,True,+1,55.52707536806582,51.85748547044139,58.99961856174851,755,90.64364797718926,87.56841866233307,93.35355669961596,392,96.66666666666667,1545.3448991429152,1519.2309845283135,1570.2835286748316
Llama-3.1-8B-Instruct,user,simulated,simulated,-1,True,+2,62.34123004370391,58.54140914582365,65.81023646104045,758,93.9455081144708,91.31455251501278,96.18719167375748,394,97.29166666666667,1604.3582249088615,1574.17223671375,1635.5053850141103
Olmo-3.1-32B-Instruct,user,rpo 0.5,20260913-184027_Olmo-3.1-32B-Instruct_benevolence_Lall_user_rpo0.5,2113270,False,-2,33.9572192513369,30.160857908847184,38.320209973753286,748,85.07853403141361,80.60686015831135,88.9686684073107,382,95.5,1384.6085962982827,1357.5913099948534,1414.5660124345543
Olmo-3.1-32B-Instruct,user,rpo 0.5,20260913-184027_Olmo-3.1-32B-Instruct_benevolence_Lall_user_rpo0.5,2113270,False,-1,42.195767195767196,38.544474393531,45.62334217506631,756,85.52083333333333,81.217277486911,89.15167095115682,384,96.0,1445.3971220575784,1419.073537771197,1470.159939792162
Olmo-3.1-32B-Instruct,user,rpo 0.5,20260913-184027_Olmo-3.1-32B-Instruct_benevolence_Lall_user_rpo0.5,2113270,False,0,,,,,91.04381443298969,86.88630490956072,93.9453125,388,97.0,1500.0,1500.0,1500.0
Olmo-3.1-32B-Instruct,user,rpo 0.5,20260913-184027_Olmo-3.1-32B-Instruct_benevolence_Lall_user_rpo0.5,2113270,False,+1,55.859375,51.84696569920845,59.31122448979592,768,92.43002544529261,88.99491094147582,94.78092783505154,393,98.25,1540.8493558262387,1515.6566954036537,1564.0480791414448
Olmo-3.1-32B-Instruct,user,rpo 0.5,20260913-184027_Olmo-3.1-32B-Instruct_benevolence_Lall_user_rpo0.5,2113270,False,+2,68.09895833333334,63.82428940568475,71.46529562982005,768,95.62182741116752,93.41432225063939,97.46192893401015,394,98.5,1631.5460758478814,1600.2844396954897,1663.37745987574
Olmo-3.1-32B-Instruct,user,rpo 0.5,20260913-184027_Olmo-3.1-32B-Instruct_benevolence_Lall_user_rpo0.5,2113270,False,distrust pole,35.6,30.314960629921263,40.84880636604775,750,89.11917098445596,85.47120418848168,92.85714285714286,193,96.5,1389.4810590010136,1342.873175304768,1425.9866750498297
Olmo-3.1-32B-Instruct,user,rpo 0.5,20260913-184027_Olmo-3.1-32B-Instruct_benevolence_Lall_user_rpo0.5,2113270,False,trust pole,65.33505154639175,61.0969387755102,69.30051813471503,776,95.5,92.375,98.25,200,100.0,1617.4764597752746,1588.6028327200343,1646.1551234613246
Qwen3.5-9B,assistant,rpo 0.2,20260919-101411_Qwen3.5-9B_benevolence_Lall_assistant_rpo0.2,60165,False,-2,25.644699140401144,21.88365650969529,29.97076023391813,698,76.225,71.7375,80.4125,400,89.5,1315.3915604072229,1275.3439472056743,1346.3144063326747
Qwen3.5-9B,assistant,rpo 0.2,20260919-101411_Qwen3.5-9B_benevolence_Lall_assistant_rpo0.2,60165,False,-1,41.6,38.35978835978836,44.89247311827957,750,88.7625,85.8,91.4,400,95.5,1441.1521695891377,1415.8225496407013,1464.3367728597004
Qwen3.5-9B,assistant,rpo 0.2,20260919-101411_Qwen3.5-9B_benevolence_Lall_assistant_rpo0.2,60165,False,0,,,,,90.6125,87.7875,93.4,400,97.0,1500.0,1500.0,1500.0
Qwen3.5-9B,assistant,rpo 0.2,20260919-101411_Qwen3.5-9B_benevolence_Lall_assistant_rpo0.2,60165,False,+1,56.21693121693122,52.785145888594165,59.86842105263158,756,91.3625,88.6125,94.0875,400,96.75,1543.366412666387,1520.9717463724598,1569.9508510971257
Qwen3.5-9B,assistant,rpo 0.2,20260919-101411_Qwen3.5-9B_benevolence_Lall_assistant_rpo0.2,60165,False,+2,63.06666666666667,58.81542699724518,66.53333333333333,750,93.9125,91.0875,96.275,400,96.5,1592.822798326382,1560.1269615873252,1624.8146107743269
Qwen3.5-9B,assistant,rpo 0.2,20260919-101411_Qwen3.5-9B_benevolence_Lall_assistant_rpo0.2,60165,False,distrust pole,25.53191489361702,21.671018276762403,29.78723404255319,752,83.2,79.275,86.725,200,97.0,1297.3514100456562,1253.3301717330298,1335.3178594198298
Qwen3.5-9B,assistant,rpo 0.2,20260919-101411_Qwen3.5-9B_benevolence_Lall_assistant_rpo0.2,60165,False,trust pole,46.90721649484536,42.14659685863874,51.023017902813294,776,91.55,87.95,94.875,200,100.0,1490.7657023309812,1457.8034284604605,1518.2691887007738
Llama-3.1-8B-Instruct,assistant,simulated,simulated,-1,True,-2,28.234086378741928,24.370937185593704,32.37371097044737,731,80.55245964165567,76.17841349245609,84.88154922648762,388,93.41666666666667,1327.0961605343534,1294.0851023530934,1357.5424431087838
Llama-3.1-8B-Instruct,assistant,simulated,simulated,-1,True,-1,40.02434888361529,36.451322441447104,43.51323455519283,752,86.77235206883007,83.08563562154352,90.18168861947507,391,95.875,1428.903783188656,1402.9630156855808,1453.663362619907
Llama-3.1-8B-Instruct,assistant,simulated,simulated,-1,True,0,,,,,89.24210648890165,85.772691154017,92.14797464380175,391,96.54166666666667,1500.0,1500.0,1500.0
Llama-3.1-8B-Instruct,assistant,simulated,simulated,-1,True,+1,58.234460321000284,54.564870423375844,61.70700351468297,755,93.45300887861391,90.37777956375773,96.16291760104062,392,96.66666666666667,1558.7871511702376,1532.6732365556359,1583.725780702154
Llama-3.1-8B-Instruct,assistant,simulated,simulated,-1,True,+2,68.87593447971194,65.07611358183169,72.34494089704849,758,95.28987450374984,92.65891890429182,97.53155806303653,394,97.29166666666667,1623.7436544143625,1593.557666219251,1654.8908145196112
Olmo-3.1-32B-Instruct,assistant,rpo 0.3,20260922-080331_Olmo-3.1-32B-Instruct_benevolence_Lall_assistant_rpo0.3,-1,False,-2,21.20418848167539,17.763157894736842,24.352331606217618,764,77.5875,72.7125,83.1375,400,96.5,1272.3585256267552,1234.2847924727657,1303.410735616682
Olmo-3.1-32B-Instruct,assistant,rpo 0.3,20260922-080331_Olmo-3.1-32B-Instruct_benevolence_Lall_assistant_rpo0.3,-1,False,-1,37.275064267352185,33.887468030690535,41.07142857142857,778,85.15,81.3625,89.2,400,97.75,1409.7126274680015,1384.0616685144553,1437.3671927568444
Olmo-3.1-32B-Instruct,assistant,rpo 0.3,20260922-080331_Olmo-3.1-32B-Instruct_benevolence_Lall_assistant_rpo0.3,-1,False,0,,,,,89.6125,86.675,92.5625,400,98.75,1500.0,1500.0,1500.0
Olmo-3.1-32B-Instruct,assistant,rpo 0.3,20260922-080331_Olmo-3.1-32B-Instruct_benevolence_Lall_assistant_rpo0.3,-1,False,+1,62.62755102040817,58.629441624365484,65.85677749360613,784,92.4375,89.525,95.55,400,99.0,1589.566166632046,1560.4914205828663,1613.9619533006976
Olmo-3.1-32B-Instruct,assistant,rpo 0.3,20260922-080331_Olmo-3.1-32B-Instruct_benevolence_Lall_assistant_rpo0.3,-1,False,+2,75.1269035532995,71.30102040816327,79.00763358778626,788,93.7625,91.2125,96.5625,400,99.25,1691.7303199378473,1657.8614178204916,1729.8572538852684
Olmo-3.1-32B-Instruct,assistant,rpo 0.3,20260922-080331_Olmo-3.1-32B-Instruct_benevolence_Lall_assistant_rpo0.3,-1,False,distrust pole,30.115830115830118,25.12690355329949,34.375,777,77.25,72.3,81.725,200,98.5,1358.980556780265,1319.6954750657917,1394.1751520643766
Olmo-3.1-32B-Instruct,assistant,rpo 0.3,20260922-080331_Olmo-3.1-32B-Instruct_benevolence_Lall_assistant_rpo0.3,-1,False,trust pole,69.08396946564885,64.8854961832061,73.60406091370558,786,97.275,95.1,99.2,200,99.5,1634.6043857094705,1605.9326646821335,1665.218377898459
