model,span,run,penalty,source,simulated,strength,win_rate,win_lo,win_hi,wins,n_games,pct_coherent
English,user,20260913-125025_Qwen3.5-9B_benevolence_Lall_user,no penalty,report,False,-2,27.419354838709676,24.335949879576713,30.734741102191798,204,744,94.75
English,user,20260913-125025_Qwen3.5-9B_benevolence_Lall_user,no penalty,report,False,-1,42.70833333333333,39.25475147983552,46.234496510143394,328,768,97.0
English,user,20260913-125025_Qwen3.5-9B_benevolence_Lall_user,no penalty,report,False,+1,57.8125,54.28933068404284,61.257903612408334,444,768,97.5
English,user,20260913-125025_Qwen3.5-9B_benevolence_Lall_user,no penalty,report,False,+2,67.97900262467192,64.58325910066428,71.1943808852837,518,762,96.75
Chinese,user,20260914-005323_Qwen3.5-9B_benevolence-chinese_Lall_user,no penalty,report,False,-2,34.85294117647059,31.36562402670077,38.51043462068609,237,680,90.97938144329896
Chinese,user,20260914-005323_Qwen3.5-9B_benevolence-chinese_Lall_user,no penalty,report,False,-1,42.93948126801153,39.30560700728973,46.65108863449495,298,694,91.75257731958763
Chinese,user,20260914-005323_Qwen3.5-9B_benevolence-chinese_Lall_user,no penalty,report,False,+1,56.32022471910112,52.65275954069253,59.91985676854856,401,712,95.87628865979381
Chinese,user,20260914-005323_Qwen3.5-9B_benevolence-chinese_Lall_user,no penalty,report,False,+2,60.78431372549019,57.15456361628426,64.29864142052134,434,714,95.61855670103093
Spanish,user,20260922-182952_Qwen3.5-9B_benevolence-spanish_Lall_user,no penalty,report,False,-2,34.27299703264095,30.788022028334243,37.936227980091516,231,674,89.54081632653062
Spanish,user,20260922-182952_Qwen3.5-9B_benevolence-spanish_Lall_user,no penalty,report,False,-1,44.08284023668639,40.38403984129916,47.848510709711014,298,676,89.79591836734694
Spanish,user,20260922-182952_Qwen3.5-9B_benevolence-spanish_Lall_user,no penalty,report,False,+1,51.87861271676301,48.15581500489746,55.580668308997716,359,692,92.60204081632652
Spanish,user,20260922-182952_Qwen3.5-9B_benevolence-spanish_Lall_user,no penalty,report,False,+2,62.94200848656294,59.32101515873579,66.42312198031097,445,707,94.38775510204081
French,user,20260914-010122_Qwen3.5-9B_benevolence-french_Lall_user,no penalty,report,False,-2,37.06896551724138,33.560864998114276,40.719024006558485,258,696,91.91919191919192
French,user,20260914-010122_Qwen3.5-9B_benevolence-french_Lall_user,no penalty,report,False,-1,43.12320916905444,39.49668736765927,46.825009820006315,301,698,92.17171717171718
French,user,20260914-010122_Qwen3.5-9B_benevolence-french_Lall_user,no penalty,report,False,+1,56.399437412095644,52.729698890938856,60.00039655569722,401,711,95.45454545454545
French,user,20260914-010122_Qwen3.5-9B_benevolence-french_Lall_user,no penalty,report,False,+2,63.03116147308781,59.408839850227025,66.51244126312062,445,706,94.6969696969697
