hoyer,model,span,penalty,vector_run,job,simulated,condition,win_rate,win_lo,win_hi,n_games,score,score_lo,score_hi,n_graded,pct_coherent,elo,elo_lo,elo_hi
0.0,Qwen3.5-9B,assistant,rpo 0.2,20260919-101411_Qwen3.5-9B_benevolence_Lall_assistant_rpo0.2,60165,False,-2,25.644699140401144,21.88365650969529,29.97076023391813,698,76.225,71.7375,80.4125,400,89.5,1315.3915604072229,1275.3439472056743,1346.3144063326747
0.0,Qwen3.5-9B,assistant,rpo 0.2,20260919-101411_Qwen3.5-9B_benevolence_Lall_assistant_rpo0.2,60165,False,-1,41.6,38.35978835978836,44.89247311827957,750,88.7625,85.8,91.4,400,95.5,1441.1521695891377,1415.8225496407013,1464.3367728597004
0.0,Qwen3.5-9B,assistant,rpo 0.2,20260919-101411_Qwen3.5-9B_benevolence_Lall_assistant_rpo0.2,60165,False,0,,,,,90.6125,87.7875,93.4,400,97.0,1500.0,1500.0,1500.0
0.0,Qwen3.5-9B,assistant,rpo 0.2,20260919-101411_Qwen3.5-9B_benevolence_Lall_assistant_rpo0.2,60165,False,+1,56.21693121693122,52.785145888594165,59.86842105263158,756,91.3625,88.6125,94.0875,400,96.75,1543.366412666387,1520.9717463724598,1569.9508510971257
0.0,Qwen3.5-9B,assistant,rpo 0.2,20260919-101411_Qwen3.5-9B_benevolence_Lall_assistant_rpo0.2,60165,False,+2,63.06666666666667,58.81542699724518,66.53333333333333,750,93.9125,91.0875,96.275,400,96.5,1592.822798326382,1560.1269615873252,1624.8146107743269
0.0,Qwen3.5-9B,assistant,rpo 0.2,20260919-101411_Qwen3.5-9B_benevolence_Lall_assistant_rpo0.2,60165,False,distrust pole,25.53191489361702,21.671018276762403,29.78723404255319,752,83.2,79.275,86.725,200,97.0,1297.3514100456562,1253.3301717330298,1335.3178594198298
0.0,Qwen3.5-9B,assistant,rpo 0.2,20260919-101411_Qwen3.5-9B_benevolence_Lall_assistant_rpo0.2,60165,False,trust pole,46.90721649484536,42.14659685863874,51.023017902813294,776,91.55,87.95,94.875,200,100.0,1490.7657023309812,1457.8034284604605,1518.2691887007738
0.01,Qwen3.5-9B,assistant,"hoyer 0.01, rpo 0.2",20260922-150603_Qwen3.5-9B_benevolence_Lall_assistant_hoyer0.01_rpo0.2,60166,False,-2,31.571815718157183,27.823691460055095,34.98659517426274,738,82.1875,78.4,85.525,400,94.75,1365.8262899883832,1335.9075072386163,1393.4506848403469
0.01,Qwen3.5-9B,assistant,"hoyer 0.01, rpo 0.2",20260922-150603_Qwen3.5-9B_benevolence_Lall_assistant_hoyer0.01_rpo0.2,60166,False,-1,46.08108108108108,43.04812834224599,49.86666666666667,740,87.2375,84.0625,90.625,400,95.25,1472.7495697440866,1443.7344531433646,1498.1543752782513
0.01,Qwen3.5-9B,assistant,"hoyer 0.01, rpo 0.2",20260922-150603_Qwen3.5-9B_benevolence_Lall_assistant_hoyer0.01_rpo0.2,60166,False,0,,,,,88.0875,84.5,91.6375,400,96.75,1500.0,1500.0,1500.0
0.01,Qwen3.5-9B,assistant,"hoyer 0.01, rpo 0.2",20260922-150603_Qwen3.5-9B_benevolence_Lall_assistant_hoyer0.01_rpo0.2,60166,False,+1,54.400000000000006,50.66666666666667,59.055118110236215,750,91.975,88.6,94.3625,400,95.75,1530.6125940107913,1506.426225711931,1558.208138952162
0.01,Qwen3.5-9B,assistant,"hoyer 0.01, rpo 0.2",20260922-150603_Qwen3.5-9B_benevolence_Lall_assistant_hoyer0.01_rpo0.2,60166,False,+2,62.43386243386243,58.93333333333334,65.60000000000001,756,91.875,88.8125,94.6125,400,97.75,1588.1278168241402,1562.7317855573506,1612.2334861949703
0.01,Qwen3.5-9B,assistant,"hoyer 0.01, rpo 0.2",20260922-150603_Qwen3.5-9B_benevolence_Lall_assistant_hoyer0.01_rpo0.2,60166,False,distrust pole,26.68428005284016,22.135416666666664,31.29161118508655,757,82.225,78.125,86.175,200,98.0,1311.8165537141006,1266.40608453082,1348.5204935446861
0.01,Qwen3.5-9B,assistant,"hoyer 0.01, rpo 0.2",20260922-150603_Qwen3.5-9B_benevolence_Lall_assistant_hoyer0.01_rpo0.2,60166,False,trust pole,48.96640826873385,45.025510204081634,53.255208333333336,774,93.7,90.35,96.275,200,100.0,1502.5206487498926,1474.259740343062,1532.9807853200123
0.05,Qwen3.5-9B,assistant,"hoyer 0.05, rpo 0.2",20260922-150615_Qwen3.5-9B_benevolence_Lall_assistant_hoyer0.05_rpo0.2,60167,False,-2,45.08748317631225,41.01876675603217,48.559670781893004,743,87.3,84.0125,90.4,400,95.0,1465.8001854509264,1440.4334188577013,1489.5690596348666
0.05,Qwen3.5-9B,assistant,"hoyer 0.05, rpo 0.2",20260922-150615_Qwen3.5-9B_benevolence_Lall_assistant_hoyer0.05_rpo0.2,60167,False,-1,46.53333333333333,43.15789473684211,49.73190348525469,750,89.4375,86.325,92.6875,400,95.5,1475.90465218281,1452.2197048346443,1501.821435216581
0.05,Qwen3.5-9B,assistant,"hoyer 0.05, rpo 0.2",20260922-150615_Qwen3.5-9B_benevolence_Lall_assistant_hoyer0.05_rpo0.2,60167,False,0,,,,,89.6375,86.225,92.3875,400,97.25,1500.0,1500.0,1500.0
0.05,Qwen3.5-9B,assistant,"hoyer 0.05, rpo 0.2",20260922-150615_Qwen3.5-9B_benevolence_Lall_assistant_hoyer0.05_rpo0.2,60167,False,+1,56.99208443271768,53.2258064516129,60.39473684210527,758,91.3,88.3625,93.8875,400,96.5,1548.8411704668633,1528.7569440344369,1575.25050761954
0.05,Qwen3.5-9B,assistant,"hoyer 0.05, rpo 0.2",20260922-150615_Qwen3.5-9B_benevolence_Lall_assistant_hoyer0.05_rpo0.2,60167,False,+2,58.8,55.36193029490617,61.684782608695656,750,92.3125,89.6375,95.3125,400,96.0,1561.7080218113942,1540.2503148922126,1585.9375391949354
0.05,Qwen3.5-9B,assistant,"hoyer 0.05, rpo 0.2",20260922-150615_Qwen3.5-9B_benevolence_Lall_assistant_hoyer0.05_rpo0.2,60167,False,distrust pole,25.848563968668408,21.93211488250653,30.606860158311346,766,83.025,78.825,87.1,200,98.5,1302.609808254682,1252.4091924350676,1338.0716796520912
0.05,Qwen3.5-9B,assistant,"hoyer 0.05, rpo 0.2",20260922-150615_Qwen3.5-9B_benevolence_Lall_assistant_hoyer0.05_rpo0.2,60167,False,trust pole,50.51679586563308,46.134020618556704,54.498714652956295,774,95.15,92.5,97.425,200,99.5,1514.4566463540068,1479.9781282964723,1546.310634081813
